id,length,dim,embedding
O15245,1280,1280,"[-0.04177856  0.03059387 -0.0174408  ... -0.05529785 -0.02545166
  0.09460449]"
P08183,1280,1280,"[-0.01091766 -0.06945801 -0.07250977 ... -0.12072754 -0.09088135
  0.13220215]"
