uniprot_id,length,mean_pLDDT,embedding_dim,encoder_version,pdb_md5,embedding
O15245,554,84.96,1024,gvp_tierB_v1,cb8579eccd1b075d99f2c74709916de1,"[ 0.14331055  0.34008789 -0.33496094 ... -0.3203125   0.00989532
  0.42333984]"
P08183,1280,84.65,1024,gvp_tierB_v1,7699dd510398f8f8e8e007dc222ba087,"[ 0.1385498   0.32983398 -0.32543945 ... -0.32592773  0.00870514
  0.41772461]"
