{
  "dti_pr_auc": 0.7345272279327077,
  "dti_roc_auc": 0.819185764355021,
  "dti_f1": 0.7009563194623933,
  "dti_thr": 0.6713303923606873,
  "adr_rmse": 0.02362215146422386,
  "adr_mae": 0.012975268065929413,
  "recall@5": 0.07637714951009988,
  "recall@10": 0.11713889346814185,
  "ndcg@5": 0.15371173226927656,
  "ndcg@10": 0.1543945771602445
}